window_id,ppg_channel,signal_length,quality_snr_db,quality_perfusion_index,quality_mean_correlation,quality_correlation_std,quality_motion_artifact_ratio,quality_overall_quality,quality_quality_category,hr_mean_hr,hr_hr_std,hr_min_hr,hr_max_hr,hr_num_peaks,hr_rmssd,hr_sdnn,hr_num_rr_intervals,pulse_num_peaks,pulse_num_valleys,anomaly_risk_score,anomaly_risk_level,num_anomalies
0,0,2500,23.169321099345332,20.0,0.015282328553876456,0.0,0.5197274049728358,50.0,FAIR,107.98455463557775,21.422933835413055,76.92307692307692,133.92857142857142,9,0.16610839834276894,0.12298551744006282,8,9,8,1,LOW,1
0,100,2500,25.84553106717365,20.0,-0.053817520126060926,0.0,0.527377526769276,55.0,FAIR,113.68244739209099,18.942458783296193,80.0,142.18009478672985,9,0.18177379977795005,0.09893432164825308,8,9,8,1,LOW,1
0,200,2500,27.673991289271164,20.0,0.015828689789266097,0.0,0.5220594362815347,55.0,FAIR,92.71274014388074,24.576646223979495,59.880239520958085,130.43478260869566,8,0.2947439566810488,0.18263692096057463,7,8,7,1,LOW,1
0,300,2500,30.04508009349747,20.0,-0.09683280187360804,0.0,0.516768094216165,55.0,FAIR,102.04478708394514,26.18152105719815,69.76744186046511,135.13513513513513,8,0.2938593768000833,0.16312909624225938,7,8,9,1,LOW,1
0,400,2500,31.333495034433646,20.0,0.11210596973336738,0.0,0.50283831099681,55.0,FAIR,90.75938705935603,36.3507110791574,40.37685060565276,146.34146341463415,7,0.7185413001352113,0.3877910376593158,6,7,6,1,LOW,1
